"cuenta";"descripcion";"cuentaesp"
"1";"ACTIVO";""
"11";"ACTIVO CORRIENTE";""
"111";"EFECTIVO Y EQUIVALENTES AL EFECTIVO";""
"1111";"CAJA";"CAJA"
"1112";"BANCOS";""
"1113";"INVERSIONES FINANCIERAS DE CORTO PLAZO";""
"112";"ACTIVOS FINANCIEROS Y CUENTAS POR COBRAR";""
"1121";"CLIENTES Y DOCUMENTOS POR COBRAR";"CLIENT"
"1122";"OTRAS CUENTAS POR COBRAR";""
"1123";"ACTIVOS POR IVA";""
"1124";"ACTIVOS POR IMPUESTO A LA RENTA DE AÑOS ANTERIORES";""
"1125";"ACTIVOS POR IMPUESTO A LA RENTA DEL AÑO CORRIENTE";""
"1126";"CUENTAS POR COBRAR A PARTES RELACIONADAS";""
"113";"INVENTARIOS";""
"1131";"INVENTARIOS PARA LA VENTA";"INV"
"1132";"MATERIAS PRIMAS, SUMINISTROS Y MATERIALES";""
"1133";"PRODUCTOS EN PROCESO";""
"1134";"PRODUCTOS TERMINADOS";""
"1135";"MERCADERÍAS EN TRÁNSITO";""
"1136";"INVENTARIOS DE CONSTRUCCIÓN";""
"1137";"ACTIVOS BIOLÓGICOS CORRIENTES";""
"114";"SERVICIOS Y OTROS PAGOS ANTICIPADOS";""
"1141";"PAGOS ANTICIPADOS";""
"1142";"ANTICIPOS A PROVEEDORES";"ANTPRO"
"1143";"OTROS ACTIVOS CORRIENTES";""
"115";"ACTIVOS MANTENIDOS PARA LA VENTA";""
"1151";"ACTIVOS NO CORRIENTES MANTENIDOS PARA LA VENTA";""
"12";"ACTIVO NO CORRIENTE";""
"121";"PROPIEDADES, PLANTA Y EQUIPO NO DEPRECIABLES";""
"1211";"TERRENOS";""
"1212";"CONSTRUCCIONES EN CURSO";""
"122";"PROPIEDADES, PLANTA Y EQUIPO DEPRECIABLES";""
"1221";"EDIFICIOS";""
"1222";"MUEBLES Y ENSERES";""
"1223";"EQUIPO DE OFICINA";""
"1224";"EQUIPO DE COMPUTACIÓN";""
"1225";"VEHÍCULOS Y EQUIPO DE TRANSPORTE";""
"1226";"MAQUINARIA Y EQUIPO";""
"1227";"INSTALACIONES";""
"1228";"REPUESTOS, HERRAMIENTAS Y ACCESORIOS";""
"1229";"OTRAS PROPIEDADES, PLANTA Y EQUIPO";""
"123";"ACTIVOS INTANGIBLES";""
"1231";"INTANGIBLES, AMORTIZACIÓN Y DETERIORO";""
"124";"PROPIEDADES DE INVERSIÓN";""
"1241";"PROPIEDADES DE INVERSIÓN";""
"125";"ACTIVOS BIOLÓGICOS NO CORRIENTES";""
"1251";"ACTIVOS BIOLÓGICOS";""
"126";"ACTIVOS POR DERECHO DE USO";""
"1261";"ACTIVOS POR DERECHO DE USO";""
"127";"ACTIVOS FINANCIEROS NO CORRIENTES";""
"1271";"INVERSIONES Y CUENTAS POR COBRAR NO CORRIENTES";""
"128";"ACTIVOS POR IMPUESTOS DIFERIDOS";""
"1281";"IMPUESTO A LA RENTA DIFERIDO - ACTIVO";""
"129";"OTROS ACTIVOS NO CORRIENTES";""
"1291";"OTROS ACTIVOS NO CORRIENTES";""
"2";"PASIVO";""
"21";"PASIVO CORRIENTE";""
"211";"CUENTAS Y DOCUMENTOS POR PAGAR COMERCIALES";""
"2111";"PROVEEDORES LOCALES";"PROVEE"
"2112";"PROVEEDORES DEL EXTERIOR";""
"2113";"PROVEEDORES RELACIONADOS";""
"212";"OTRAS OBLIGACIONES CORRIENTES";""
"2121";"OBLIGACIONES CON LA ADMINISTRACIÓN TRIBUTARIA";""
"2122";"OBLIGACIONES CON EL IESS";""
"2123";"OBLIGACIONES LABORALES";""
"2124";"OBLIGACIONES FINANCIERAS CORRIENTES";""
"2125";"OBLIGACIONES CON SOCIOS Y ACCIONISTAS";""
"2126";"PROVISIONES CORRIENTES";""
"2127";"ARRENDAMIENTOS - PORCIÓN CORRIENTE";""
"2128";"CUENTAS POR PAGAR A PARTES RELACIONADAS";""
"2129";"OTROS PASIVOS CORRIENTES";""
"22";"PASIVO NO CORRIENTE";""
"221";"OBLIGACIONES FINANCIERAS A LARGO PLAZO";""
"2211";"PRÉSTAMOS BANCARIOS";""
"2212";"HIPOTECAS Y OTRAS GARANTÍAS";""
"222";"CUENTAS Y DOCUMENTOS POR PAGAR NO CORRIENTES";""
"2221";"CUENTAS POR PAGAR A LARGO PLAZO";""
"223";"PASIVOS POR ARRENDAMIENTOS NO CORRIENTES";""
"2231";"ARRENDAMIENTOS A LARGO PLAZO";""
"224";"BENEFICIOS A EMPLEADOS NO CORRIENTES";""
"2241";"JUBILACIÓN PATRONAL Y DESAHUCIO";""
"225";"PROVISIONES NO CORRIENTES";""
"2251";"PROVISIONES A LARGO PLAZO";""
"226";"PASIVOS POR IMPUESTOS DIFERIDOS";""
"2261";"IMPUESTO A LA RENTA DIFERIDO - PASIVO";""
"227";"CUENTAS POR PAGAR RELACIONADAS NO CORRIENTES";""
"2271";"PARTES RELACIONADAS A LARGO PLAZO";""
"228";"INGRESOS DIFERIDOS NO CORRIENTES";""
"2281";"INGRESOS Y SUBVENCIONES DIFERIDOS A LARGO PLAZO";""
"229";"OTROS PASIVOS NO CORRIENTES";""
"2291";"OTROS PASIVOS A LARGO PLAZO";""
"3";"PATRIMONIO NETO";""
"31";"CAPITAL Y APORTES";""
"311";"CAPITAL SOCIAL";""
"3111";"CAPITAL SUSCRITO O ASIGNADO";""
"3112";"CAPITAL SUSCRITO NO PAGADO Y ACCIONES PROPIAS";""
"312";"APORTES PARA FUTURA CAPITALIZACIÓN";""
"3121";"APORTES DE SOCIOS O ACCIONISTAS";""
"313";"PRIMA EN EMISIÓN DE ACCIONES";""
"3131";"PRIMA EN EMISIÓN PRIMARIA";""
"314";"OTROS COMPONENTES DE CAPITAL";""
"3141";"OTROS COMPONENTES DE CAPITAL";""
"32";"RESERVAS";""
"321";"RESERVAS";""
"3211";"RESERVAS LEGALES, FACULTATIVAS Y ESTATUTARIAS";""
"3212";"RESERVAS DE CAPITAL Y OTRAS";""
"33";"RESULTADOS";""
"331";"RESULTADOS ACUMULADOS Y DEL EJERCICIO";""
"3311";"RESULTADOS ACUMULADOS";""
"3312";"RESULTADO DEL EJERCICIO";"PYG"
"332";"RESULTADOS POR ADOPCIÓN DE NIIF";""
"3321";"ADOPCIÓN POR PRIMERA VEZ DE NIIF";""
"333";"AJUSTES DE EJERCICIOS ANTERIORES";""
"3331";"AJUSTES Y CORRECCIONES DE AÑOS ANTERIORES";""
"34";"OTROS RESULTADOS INTEGRALES";""
"341";"SUPERÁVIT POR REVALUACIÓN";""
"3411";"SUPERÁVIT POR REVALUACIÓN DE ACTIVOS";""
"342";"OTROS RESULTADOS INTEGRALES";""
"3421";"OTROS COMPONENTES DEL RESULTADO INTEGRAL";""
"35";"PARTICIPACIÓN NO CONTROLADORA";""
"351";"PARTICIPACIÓN NO CONTROLADORA";""
"3511";"PARTICIPACIÓN NO CONTROLADORA";""
"4";"INGRESOS";""
"41";"INGRESOS DE ACTIVIDADES ORDINARIAS";""
"411";"VENTA DE BIENES";""
"4111";"VENTAS";"VENTAS"
"4112";"DESCUENTOS EN VENTAS";""
"4113";"DEVOLUCIONES EN VENTAS";"DEVVEN"
"4114";"RECARGOS Y OTROS INGRESOS EN VENTAS";""
"412";"PRESTACIÓN DE SERVICIOS";""
"4121";"INGRESOS POR SERVICIOS";""
"413";"CONTRATOS DE CONSTRUCCIÓN";""
"4131";"INGRESOS POR CONSTRUCCIÓN";""
"414";"EXPORTACIONES";""
"4141";"EXPORTACIONES DE BIENES Y SERVICIOS";""
"415";"OTROS INGRESOS ORDINARIOS";""
"4151";"REGALÍAS, COMISIONES Y OTROS INGRESOS";""
"416";"SUBVENCIONES DEL GOBIERNO";""
"4161";"SUBVENCIONES RECONOCIDAS EN RESULTADOS";""
"42";"OTROS INGRESOS";""
"421";"INGRESOS FINANCIEROS Y OTROS";""
"4211";"INGRESOS FINANCIEROS";""
"4212";"OTROS INGRESOS";""
"422";"GANANCIAS EN MEDICIÓN Y REVALUACIÓN";""
"4221";"GANANCIAS POR VALOR RAZONABLE";""
"423";"GANANCIAS EN VENTA DE ACTIVOS";""
"4231";"GANANCIAS EN VENTA DE ACTIVOS";""
"424";"REVERSIÓN DE DETERIORO Y PROVISIONES";""
"4241";"REVERSIÓN DE PÉRDIDAS Y PROVISIONES";""
"43";"OPERACIONES DISCONTINUADAS - INGRESOS";""
"431";"INGRESOS DE OPERACIONES DISCONTINUADAS";""
"4311";"INGRESOS DE OPERACIONES DISCONTINUADAS";""
"5";"COSTOS Y GASTOS";""
"51";"COSTOS DE VENTAS, PRODUCCIÓN Y SERVICIOS";""
"511";"COSTO DE VENTAS";""
"5111";"COSTO DE BIENES VENDIDOS";"COMPRA"
"5112";"DESCUENTOS EN COMPRAS";""
"5113";"DEVOLUCIONES EN COMPRAS";"DEVCOM"
"5114";"RECARGOS Y COSTOS DIRECTOS DE COMPRA";""
"512";"GASTOS DE VENTA Y ADMINISTRACIÓN";""
"5121";"GASTOS DE PERSONAL";""
"5122";"DEPRECIACIONES, AMORTIZACIONES Y MANTENIMIENTO";""
"5123";"GASTOS GENERALES Y ADMINISTRATIVOS";""
"513";"COSTOS DE PRODUCCIÓN";""
"5131";"MATERIALES DIRECTOS";""
"5132";"MANO DE OBRA DIRECTA";""
"5133";"COSTOS INDIRECTOS DE FABRICACIÓN";""
"514";"COSTOS DE PRESTACIÓN DE SERVICIOS";""
"5141";"COSTOS DIRECTOS DE SERVICIOS";""
"515";"AJUSTES DE INVENTARIOS Y COSTOS";""
"5151";"DETERIORO Y VALOR NETO REALIZABLE";""
"52";"GASTOS NO OPERACIONALES";""
"521";"GASTOS FINANCIEROS";""
"5211";"INTERESES, COMISIONES Y OTROS GASTOS FINANCIEROS";""
"522";"PÉRDIDAS Y OTROS GASTOS";""
"5221";"PÉRDIDAS EN VENTA Y MEDICIÓN DE ACTIVOS";""
"523";"DETERIOROS Y PROVISIONES";""
"5231";"PÉRDIDAS POR DETERIORO";""
"524";"OTROS GASTOS NO OPERACIONALES";""
"5241";"OTROS GASTOS";""
"53";"PARTICIPACIÓN LABORAL E IMPUESTOS";""
"531";"PARTICIPACIÓN DE TRABAJADORES";""
"5311";"PARTICIPACIÓN DE TRABAJADORES DEL EJERCICIO";""
"532";"IMPUESTO A LA RENTA";""
"5321";"IMPUESTO A LA RENTA CORRIENTE";""
"533";"IMPUESTO A LA RENTA DIFERIDO";""
"5331";"GASTO O INGRESO POR IMPUESTO DIFERIDO";""
"54";"OPERACIONES DISCONTINUADAS - GASTOS";""
"541";"GASTOS DE OPERACIONES DISCONTINUADAS";""
"5411";"GASTOS DE OPERACIONES DISCONTINUADAS";""
"6";"CUENTAS DE ORDEN DEUDORAS";""
"61";"CUENTAS DE ORDEN DEUDORAS";""
"611";"DERECHOS CONTINGENTES Y BIENES DE TERCEROS";""
"6111";"CUENTAS DE ORDEN DEUDORAS";""
"7";"CUENTAS DE ORDEN ACREEDORAS";""
"71";"CUENTAS DE ORDEN ACREEDORAS";""
"711";"RESPONSABILIDADES CONTINGENTES Y CONTRACUENTAS";""
"7111";"CUENTAS DE ORDEN ACREEDORAS";""
"111101";"Caja general";"CAJA"
"111102";"Caja chica";""
"111103";"Fondo rotativo";""
"111104";"Valores por depositar";""
"111201";"Banco - cuenta corriente principal";""
"111202";"Banco - cuenta de ahorros principal";""
"111203";"Bancos - otras cuentas";""
"111204";"Fondos en tránsito";""
"111301";"Inversiones temporales a valor razonable";""
"111302";"Depósitos e inversiones a corto plazo";""
"111399";"(-) Deterioro de inversiones de corto plazo";""
"112101";"Clientes nacionales - cuenta colectiva";"CLIENT"
"112102";"Clientes del exterior";""
"112103";"Clientes relacionados";""
"112104";"Documentos por cobrar a clientes";""
"112105";"Intereses por cobrar a clientes";""
"112199";"(-) Deterioro acumulado de cuentas por cobrar a clientes";""
"112201";"Préstamos y anticipos a empleados";""
"112202";"Préstamos a socios o accionistas";""
"112203";"Documentos por cobrar no comerciales";""
"112204";"Reclamos a aseguradoras";""
"112205";"Cuentas por cobrar a administradores";""
"112299";"Otras cuentas por cobrar";""
"112301";"IVA pagado - crédito tributario";"IVASOP"
"112302";"Retenciones de IVA recibidas";"RETIVV"
"112303";"Saldo a favor de IVA";""
"112304";"IVA pagado en importaciones";""
"112305";"IVA por recuperar";""
"112401";"Crédito tributario de impuesto a la renta - años anteriores";""
"112402";"Saldo a favor de impuesto a la renta - años anteriores";""
"112501";"Retenciones en la fuente de impuesto a la renta recibidas";"RETRNV"
"112502";"Anticipo de impuesto a la renta";""
"112503";"Crédito tributario de impuesto a la renta - año corriente";""
"112601";"Cuentas por cobrar relacionadas locales";""
"112602";"Cuentas por cobrar relacionadas del exterior";""
"112699";"(-) Deterioro de cuentas por cobrar relacionadas";""
"113101";"Mercaderías compradas a terceros";"INV"
"113102";"Mercaderías producidas por la entidad";""
"113103";"Inventario gravado con tarifa general de IVA";""
"113104";"Inventario gravado con tarifa 0% de IVA";""
"113105";"Inventario de importaciones";""
"113199";"(-) Deterioro de inventarios para la venta";""
"113201";"Inventario de materias primas";""
"113202";"Inventario de suministros y materiales";""
"113203";"Inventario de repuestos, herramientas y accesorios";""
"113299";"(-) Deterioro de materias primas y suministros";""
"113301";"Inventario de productos en proceso";""
"113302";"Inventario de servicios en proceso";""
"113399";"(-) Deterioro de productos en proceso";""
"113401";"Inventario de productos terminados";""
"113499";"(-) Deterioro de productos terminados";""
"113501";"Mercaderías en tránsito - compras locales";""
"113502";"Mercaderías en tránsito - importaciones";""
"113601";"Obras en construcción";""
"113602";"Obras terminadas";""
"113603";"Materiales o bienes para construcción";""
"113701";"Animales vivos en crecimiento";""
"113702";"Animales vivos en producción";""
"113703";"Plantas en crecimiento";""
"113704";"Plantas en producción";""
"113799";"(-) Deterioro de activos biológicos corrientes";""
"114101";"Seguros pagados por anticipado";""
"114102";"Arriendos pagados por anticipado";""
"114103";"Publicidad pagada por anticipado";""
"114104";"Licencias y suscripciones pagadas por anticipado";""
"114105";"Servicios pagados por anticipado";""
"114199";"Otros pagos anticipados";""
"114201";"Anticipos entregados a proveedores";"ANTPRO"
"114202";"Anticipos entregados a contratistas";""
"114203";"Anticipos para importaciones";""
"114301";"Depósitos entregados en garantía - corto plazo";""
"114302";"Otros activos corrientes";""
"115101";"Propiedades, planta y equipo mantenidos para la venta";""
"115102";"Activos de operaciones discontinuadas";""
"121101";"Terrenos";""
"121201";"Construcciones en curso";""
"121202";"Anticipos para propiedades, planta y equipo";""
"122101";"Edificios - costo";""
"122102";"(-) Depreciación acumulada de edificios";""
"122103";"(-) Deterioro acumulado de edificios";""
"122201";"Muebles y enseres - costo";""
"122202";"(-) Depreciación acumulada de muebles y enseres";""
"122203";"(-) Deterioro acumulado de muebles y enseres";""
"122301";"Equipo de oficina - costo";""
"122302";"(-) Depreciación acumulada de equipo de oficina";""
"122303";"(-) Deterioro acumulado de equipo de oficina";""
"122401";"Equipo de computación - costo";""
"122402";"(-) Depreciación acumulada de equipo de computación";""
"122403";"(-) Deterioro acumulado de equipo de computación";""
"122501";"Vehículos y equipo de transporte - costo";""
"122502";"(-) Depreciación acumulada de vehículos y transporte";""
"122503";"(-) Deterioro acumulado de vehículos y transporte";""
"122601";"Maquinaria y equipo - costo";""
"122602";"(-) Depreciación acumulada de maquinaria y equipo";""
"122603";"(-) Deterioro acumulado de maquinaria y equipo";""
"122701";"Instalaciones - costo";""
"122702";"(-) Depreciación acumulada de instalaciones";""
"122703";"(-) Deterioro acumulado de instalaciones";""
"122801";"Repuestos, herramientas y accesorios - costo";""
"122802";"(-) Depreciación acumulada de herramientas y accesorios";""
"122803";"(-) Deterioro acumulado de herramientas y accesorios";""
"122901";"Otras propiedades, planta y equipo - costo";""
"122902";"(-) Depreciación acumulada de otras propiedades, planta y equipo";""
"122903";"(-) Deterioro acumulado de otras propiedades, planta y equipo";""
"123101";"Plusvalía mercantil";""
"123102";"Marcas y patentes";""
"123103";"Derechos de llave y licencias";""
"123104";"Derechos de autor y software";""
"123105";"Otros activos intangibles";""
"123198";"(-) Amortización acumulada de activos intangibles";""
"123199";"(-) Deterioro acumulado de activos intangibles";""
"124101";"Terrenos mantenidos como propiedad de inversión";""
"124102";"Edificios mantenidos como propiedad de inversión";""
"124198";"(-) Depreciación acumulada de propiedades de inversión";""
"124199";"(-) Deterioro acumulado de propiedades de inversión";""
"125101";"Animales vivos no corrientes";""
"125102";"Plantas productoras";""
"125198";"(-) Depreciación acumulada de activos biológicos";""
"125199";"(-) Deterioro acumulado de activos biológicos";""
"126101";"Derecho de uso de inmuebles";""
"126102";"Derecho de uso de vehículos";""
"126103";"Derecho de uso de otros activos";""
"126198";"(-) Depreciación acumulada de activos por derecho de uso";""
"126199";"(-) Deterioro acumulado de activos por derecho de uso";""
"127101";"Inversiones en subsidiarias";""
"127102";"Inversiones en asociadas";""
"127103";"Inversiones en negocios conjuntos";""
"127104";"Inversiones financieras de largo plazo";""
"127105";"Cuentas por cobrar no corrientes";""
"127106";"Depósitos entregados en garantía - largo plazo";""
"127199";"(-) Deterioro de activos financieros no corrientes";""
"128101";"Activo por impuesto a la renta diferido";""
"129101";"Otros activos no corrientes";""
"129199";"(-) Deterioro de otros activos no corrientes";""
"211101";"Proveedores locales de bienes";"PROVEE"
"211102";"Proveedores locales de servicios";""
"211103";"Proveedores locales de activos no corrientes";""
"211104";"Documentos por pagar a proveedores locales";""
"211201";"Proveedores del exterior de bienes";""
"211202";"Proveedores del exterior de servicios";""
"211203";"Proveedores del exterior de activos no corrientes";""
"211204";"Documentos por pagar a proveedores del exterior";""
"211301";"Proveedores relacionados locales";""
"211302";"Proveedores relacionados del exterior";""
"212101";"Retenciones IR por pagar - relación de dependencia";""
"212102";"Retenciones IR por pagar - honorarios profesionales";""
"212103";"Retenciones IR por pagar - servicios profesionales";""
"212104";"Retenciones IR por pagar - otros servicios";""
"212105";"Retenciones IR por pagar - compras de bienes";""
"212106";"Retenciones IR por pagar - arrendamientos";""
"212107";"Retenciones IR por pagar - publicidad";""
"212108";"Retenciones IR por pagar - transporte";""
"212109";"Retenciones IR por pagar - seguros y reaseguros";""
"212110";"Retenciones IR por pagar - rendimientos financieros";""
"212111";"Retenciones IR por pagar - dividendos";""
"212112";"Retenciones IR por pagar - pagos al exterior";""
"212113";"Retenciones IR por pagar - regalías y derechos";""
"212114";"Retenciones IR por pagar - loterías y premios";""
"212115";"Retenciones IR por pagar - construcción";""
"212116";"Retenciones IR por pagar - régimen RIMPE";""
"212117";"Retenciones IR por pagar - tarjetas y medios de pago";""
"212118";"Retenciones IR por pagar - combustibles";""
"212119";"Retenciones IR por pagar - comisiones";""
"212120";"Retenciones IR por pagar - notarios y registradores";""
"212121";"Retenciones IR por pagar - actividades agropecuarias";""
"212122";"Retenciones IR por pagar - liquidaciones de compra";""
"212123";"Retenciones IR por pagar - reembolsos";""
"212124";"Retenciones IR por pagar - intereses y financiamiento";""
"212125";"Retenciones IR por pagar - enajenación de derechos";""
"212126";"Retenciones IR por pagar - autoretenciones";""
"212127";"Retenciones IR por pagar - rentas sujetas a impuesto único";""
"212128";"Retenciones IR por pagar - otros conceptos específicos";""
"212129";"Retenciones en la fuente de impuesto a la renta por pagar - colectiva";"RETRNC"
"212130";"Retenciones de impuesto a la renta sobre dividendos por pagar";""
"212131";"Retenciones de impuesto a la renta de no residentes por pagar";""
"212132";"Compras y pagos no sujetos a retención - control";""
"212133";"Otras retenciones de impuesto a la renta por pagar";""
"212134";"IVA retenido por pagar - servicios profesionales";""
"212135";"IVA retenido por pagar - arrendamiento de inmuebles";""
"212136";"IVA retenido por pagar - liquidaciones de compra";""
"212137";"IVA retenido por pagar - construcción";""
"212138";"IVA retenido por pagar - compra de bienes";""
"212139";"IVA retenido por pagar - prestación de servicios";""
"212140";"IVA retenido por pagar - importación de servicios digitales";""
"212141";"IVA retenido por pagar - otras operaciones";""
"212142";"IVA retenido por tarjetas - servicios";""
"212143";"IVA retenido por tarjetas - bienes";""
"212144";"IVA retenido por pagar - cuenta colectiva";"RETIVC"
"212145";"IVA retenido por pagar - casos especiales";""
"212146";"IVA generado en ventas por pagar";"IVAREP"
"212147";"Impuesto a la renta causado por pagar";""
"212148";"ICE por pagar";""
"212149";"ISD por pagar";""
"212201";"Aporte personal al IESS por pagar";""
"212202";"Aporte patronal al IESS por pagar";""
"212203";"Fondo de reserva por pagar";""
"212204";"Préstamos quirografarios e hipotecarios IESS por pagar";""
"212205";"IECE y SECAP por pagar";""
"212301";"Sueldos y salarios por pagar";""
"212302";"Décimo tercer sueldo por pagar";""
"212303";"Décimo cuarto sueldo por pagar";""
"212304";"Vacaciones por pagar";""
"212305";"Fondo de reserva por pagar a empleados";""
"212306";"15% participación de trabajadores por pagar";""
"212307";"Bonificaciones e indemnizaciones por pagar";""
"212401";"Préstamos bancarios - porción corriente";""
"212402";"Sobregiros bancarios";""
"212403";"Intereses por pagar";""
"212501";"Dividendos por pagar";""
"212502";"Préstamos de socios o accionistas por pagar";""
"212503";"Otras obligaciones con socios o accionistas";""
"212601";"Provisión por garantías";""
"212602";"Provisión por litigios";""
"212603";"Provisión por desmantelamiento y restauración";""
"212699";"Otras provisiones corrientes";""
"212701";"Pasivo por arrendamiento - porción corriente";""
"212801";"Cuentas por pagar relacionadas locales";""
"212802";"Cuentas por pagar relacionadas del exterior";""
"212901";"Retenciones judiciales por pagar";""
"212902";"Descuentos a empleados por pagar";""
"212903";"Seguros de empleados por pagar";""
"212904";"Anticipos recibidos de clientes";"ANTCLI"
"212905";"Depósitos recibidos en garantía";""
"212906";"Ingresos cobrados por anticipado";""
"212907";"Porción corriente de obligaciones emitidas";""
"212908";"Pasivos asociados con activos mantenidos para la venta";""
"212909";"Otros pasivos corrientes";""
"212999";"Acreedores varios - cuenta colectiva";"ACREED"
"221101";"Préstamos bancarios a largo plazo";""
"221102";"Obligaciones financieras del exterior a largo plazo";""
"221201";"Hipotecas por pagar a largo plazo";""
"221202";"Otras obligaciones financieras garantizadas";""
"222101";"Proveedores locales a largo plazo";""
"222102";"Proveedores del exterior a largo plazo";""
"222103";"Otras cuentas por pagar a largo plazo";""
"223101";"Pasivo por arrendamiento a largo plazo";""
"224101";"Provisión por jubilación patronal";""
"224102";"Provisión por desahucio";""
"224103";"Otros beneficios no corrientes a empleados";""
"225101";"Provisión por litigios a largo plazo";""
"225102";"Provisión por desmantelamiento y restauración";""
"225199";"Otras provisiones no corrientes";""
"226101";"Pasivo por impuesto a la renta diferido";""
"227101";"Cuentas por pagar relacionadas locales - largo plazo";""
"227102";"Cuentas por pagar relacionadas del exterior - largo plazo";""
"228101";"Ingresos diferidos no corrientes";""
"228102";"Subvenciones diferidas no corrientes";""
"229101";"Obligaciones emitidas a largo plazo";""
"229102";"Otros pasivos no corrientes";""
"311101";"Capital social suscrito y pagado";""
"311102";"Capital asignado";""
"311103";"Capital en acciones o participaciones";""
"311104";"Otros aportes de capital formalizados";""
"311201";"(-) Capital suscrito no pagado";""
"311202";"(-) Acciones propias en tesorería";""
"311203";"(-) Participaciones propias readquiridas";""
"311204";"(-) Otros ajustes de capital";""
"312101";"Aportes de socios o accionistas para futura capitalización";""
"313101";"Prima en emisión primaria de acciones";""
"314101";"Otros componentes de capital";""
"321101";"Reserva legal";""
"321102";"Reserva facultativa";""
"321103";"Reserva estatutaria";""
"321201";"Reserva de capital";""
"321202";"Reserva por donaciones";""
"321203";"Otras reservas";""
"331101";"Ganancias acumuladas de ejercicios anteriores";""
"331102";"Ganancia neta del ejercicio";"PYG"
"331201";"(-) Pérdidas acumuladas de ejercicios anteriores";""
"331202";"(-) Pérdida neta del ejercicio";""
"332101";"Resultados acumulados por adopción inicial de NIIF";""
"333101";"Ajustes por errores de ejercicios anteriores";""
"333102";"Cambios en políticas contables de ejercicios anteriores";""
"341101";"Superávit por revaluación de propiedades, planta y equipo";""
"341102";"Superávit por revaluación de activos intangibles";""
"341103";"Superávit por revaluación de otros activos";""
"342101";"Ganancias o pérdidas actuariales";""
"342102";"Diferencias de conversión";""
"342103";"Cambios en valor razonable reconocidos en ORI";""
"342199";"Otros resultados integrales";""
"351101";"Participación no controladora";""
"411101";"Ventas locales de bienes gravadas con tarifa general";"VENTAS"
"411102";"Ventas locales de bienes con tarifa 0%";""
"411103";"Ventas locales de bienes no objeto o exentas de IVA";""
"411104";"Ventas de bienes a partes relacionadas";""
"411105";"Ventas de bienes del exterior";""
"411201";"Descuentos en ventas de bienes";""
"411202";"Descuentos en ventas gravadas con tarifa general";""
"411301";"Devoluciones en ventas de bienes";"DEVVEN"
"411302";"Devoluciones en ventas gravadas con tarifa general";""
"411401";"Fletes facturados en ventas";""
"411402";"Otros recargos en ventas";""
"412101";"Servicios locales gravados con tarifa general";""
"412102";"Servicios locales con tarifa 0%";""
"412103";"Servicios no objeto o exentos de IVA";""
"412104";"Servicios prestados a partes relacionadas";""
"412105";"Servicios prestados al exterior";""
"413101";"Ingresos por contratos de construcción";""
"413102";"Ingresos por avance de obra";""
"414101";"Exportaciones de bienes";""
"414102";"Exportaciones de servicios";""
"415101";"Regalías";""
"415102";"Comisiones ganadas";""
"415103";"Intereses generados por ventas a crédito";""
"415104";"Otros ingresos de actividades ordinarias";""
"416101";"Subvenciones del gobierno reconocidas en resultados";""
"421101";"Rendimientos financieros";""
"421102";"Intereses ganados";""
"421103";"Ganancia por diferencia de cambio";"CAMPOS"
"421104";"Ganancia en liquidaciones de tarjeta";"DIFTAG"
"421105";"Dividendos recibidos";""
"421201";"Ingresos por recuperaciones y reembolsos";""
"421202";"Ingresos provenientes del exterior";""
"421203";"Otros ingresos no operacionales";""
"422101";"Ganancia por medición de instrumentos financieros";""
"422102";"Ganancia por medición de activos biológicos";""
"422103";"Ganancia por medición de propiedades de inversión";""
"423101";"Ganancia en venta de propiedades, planta y equipo";""
"423102";"Ganancia en venta de activos intangibles";""
"423103";"Ganancia en venta de inversiones";""
"424101";"Reversión de deterioro de cuentas por cobrar";""
"424102";"Reversión de deterioro de inventarios";""
"424103";"Reversión de otras pérdidas por deterioro";""
"424104";"Reversión de provisiones";""
"431101";"Ingresos de operaciones discontinuadas";""
"511101";"Costo de bienes vendidos";"COMPRA"
"511102";"Costo de bienes vendidos gravados con tarifa general";""
"511103";"Costo de bienes vendidos con tarifa 0%";""
"511104";"Compras netas locales de mercaderías";""
"511105";"Importaciones de mercaderías";""
"511201";"Descuentos en compras";""
"511202";"Descuentos en compras gravadas con tarifa general";""
"511301";"Devoluciones en compras";"DEVCOM"
"511302";"Devoluciones en compras gravadas con tarifa general";""
"511401";"Fletes en compras";""
"511402";"Seguros y otros costos de importación";""
"511403";"Aranceles y gastos aduaneros";""
"511404";"Otros costos directos de adquisición";""
"512101";"Sueldos y salarios";""
"512102";"Horas extraordinarias y suplementarias";""
"512103";"Décimo tercer sueldo";""
"512104";"Décimo cuarto sueldo";""
"512105";"Fondo de reserva";""
"512106";"Vacaciones";""
"512107";"Aporte patronal al IESS";""
"512108";"Uniformes y equipos de protección";""
"512109";"Movilización";""
"512110";"Alimentación";""
"512111";"Jubilación patronal";""
"512112";"Bonificaciones";""
"512113";"Provisión para jubilación patronal y desahucio";""
"512114";"Comisiones a trabajadores";""
"512115";"Indemnizaciones laborales";""
"512116";"Capacitación al personal";""
"512117";"Otros beneficios a empleados";""
"512201";"Depreciación de edificios";""
"512202";"Depreciación de muebles y enseres";""
"512203";"Depreciación de equipo de oficina";""
"512204";"Depreciación de equipo de computación";""
"512205";"Depreciación de vehículos y equipo de transporte";""
"512206";"Mantenimiento y reparaciones";""
"512207";"Depreciación de maquinaria y equipo";""
"512208";"Depreciación de instalaciones";""
"512209";"Depreciación de activos por derecho de uso";""
"512210";"Depreciación de propiedades de inversión";""
"512211";"Amortización de activos intangibles";""
"512301";"Servicios personales y profesionales";""
"512302";"Servicios técnicos y especializados";""
"512303";"Honorarios profesionales";""
"512304";"Arrendamiento de inmuebles a personas naturales";""
"512305";"Arrendamiento de inmuebles a sociedades";""
"512306";"Comisiones pagadas a sociedades";""
"512307";"Promoción y publicidad";""
"512308";"Combustibles";""
"512309";"Lubricantes";""
"512310";"Arrendamiento mercantil local";""
"512311";"Arrendamiento mercantil del exterior";""
"512312";"Seguros y reaseguros";""
"512313";"Suministros y materiales";""
"512314";"Transporte y mensajería";""
"512315";"Gastos de gestión";""
"512316";"Gastos de viaje";""
"512317";"Agua, energía y telecomunicaciones";""
"512318";"Notarios y registros de la propiedad o mercantiles";""
"512319";"Impuestos, tasas, contribuciones y otros";""
"512320";"Depreciación de otras propiedades, planta y equipo";""
"512321";"Depreciación acelerada no deducible";""
"512322";"Amortización de inversiones y otros activos";""
"512323";"Deterioro de cuentas por cobrar";""
"512324";"Pérdida por diferencia de cambio";"CAMNEG"
"512325";"Gastos y comisiones bancarias";"GTOBAN"
"512326";"Pérdida en liquidaciones de tarjeta";"DIFTAP"
"512327";"Intereses pagados a terceros locales";""
"512328";"Intereses pagados a terceros del exterior";""
"512329";"Gastos sujetos a reembolso locales - informativo";""
"512330";"Gastos sujetos a reembolso del exterior - informativo";""
"512331";"Provisiones deducibles";""
"512332";"Otros gastos locales";""
"512333";"Otros gastos del exterior";""
"512334";"IVA cargado al gasto";""
"512335";"Pérdida en venta de propiedades, planta y equipo";""
"512336";"Pérdida de cartera";""
"512337";"Licencias, software y suscripciones";""
"512338";"Servicios digitales y alojamiento web";""
"512339";"Seguridad y vigilancia";""
"512340";"Servicios legales y auditoría";""
"512341";"Servicios tercerizados";""
"512342";"Deterioro de propiedades, planta y equipo";""
"512343";"Deterioro de activos intangibles";""
"512344";"Deterioro de inventarios";""
"512345";"Garantías sobre bienes y servicios";""
"512346";"Gestión ambiental y desmantelamiento";""
"512347";"Donaciones";""
"512348";"Gastos no deducibles";""
"512349";"Otros gastos administrativos y de venta";""
"513101";"Materia prima directa utilizada";""
"513102";"Materiales directos utilizados";""
"513103";"Importaciones de materia prima";""
"513201";"Sueldos y beneficios de mano de obra directa";""
"513202";"Aportes y beneficios sociales de mano de obra directa";""
"513301";"Mano de obra indirecta";""
"513302";"Depreciación de activos de producción";""
"513303";"Mantenimiento de activos de producción";""
"513304";"Servicios básicos de producción";""
"513305";"Suministros y repuestos de producción";""
"513306";"Otros costos indirectos de fabricación";""
"514101";"Mano de obra directa de servicios";""
"514102";"Materiales utilizados en servicios";""
"514103";"Servicios de terceros asociados";""
"514104";"Depreciación y amortización asociada a servicios";""
"514105";"Otros costos directos de servicios";""
"515101";"Pérdida por valor neto realizable de inventarios";""
"515102";"Bajas y obsolescencia de inventarios";""
"515103";"Diferencias de inventario";""
"515104";"Costos anormales de producción";""
"521101";"Intereses y comisiones bancarias locales";""
"521102";"Intereses y comisiones financieras del exterior";""
"521103";"Intereses de préstamos de terceros";""
"521104";"Intereses de pasivos por arrendamiento";""
"521105";"Costos de financiamiento de activos";""
"521106";"Otros gastos financieros";""
"522101";"Pérdida en venta de inversiones";""
"522102";"Pérdida por medición a valor razonable";""
"522103";"Pérdida en venta de activos intangibles";""
"522104";"Pérdida en venta de otros activos";""
"522199";"Otras pérdidas";""
"523101";"Deterioro de activos financieros";""
"523102";"Deterioro de propiedades de inversión";""
"523103";"Deterioro de activos biológicos";""
"523104";"Otras pérdidas por deterioro";""
"524101";"Multas, recargos e intereses tributarios";""
"524102";"Gastos extraordinarios";""
"524199";"Otros gastos no operacionales";""
"531101";"15% participación de trabajadores del ejercicio";""
"532101";"Gasto por impuesto a la renta corriente";""
"533101";"Gasto por impuesto a la renta diferido";""
"533102";"Ingreso por impuesto a la renta diferido";""
"541101";"Gastos de operaciones discontinuadas";""
"611101";"Bienes y valores entregados en garantía";""
"611102";"Bienes de terceros en custodia";""
"611103";"Documentos descontados";""
"611104";"Demandas y contingencias a favor";""
"611105";"Créditos tributarios no reconocidos";""
"611199";"Otras cuentas de orden deudoras";""
"711101";"Contracuenta de bienes y valores en garantía";""
"711102";"Responsabilidad por bienes de terceros";""
"711103";"Responsabilidad por documentos descontados";""
"711104";"Demandas y contingencias en contra";""
"711105";"Contracuenta de créditos tributarios no reconocidos";""
"711199";"Otras cuentas de orden acreedoras";""
